<?xml version="1.0" encoding="UTF-8"?><idempiere Name="Payment_POS" Version="1.0" idempiereVersion="" DataBaseVersion="" Description="This Packout is for Add the &quot;C_POS_ID&quot; Column into C_Payment table, that Is used by &quot;org.idempiere.pos&quot; Plugin." Author="" AuthorEmail="victor.suarez.is@gmail.com" CreatedDate="2017-06-18 16:37:21.474" UpdatedDate="2017-06-18 16:37:21.474" PackOutVersion="100" UpdateDictionary="false" Client="0-SYSTEM-System" AD_Client_UU="11237b53-9592-4af1-b3c5-afd216514b5d">
    <AD_Menu type="table">
        <Parent_ID reference="id">236</Parent_ID>
        <SeqNo>9</SeqNo>
        <AD_Menu_ID>235</AD_Menu_ID>
        <AD_Client_ID>0</AD_Client_ID>
        <AD_Org_ID>0</AD_Org_ID>
        <AD_Menu_ID>235</AD_Menu_ID>
        <Name>Payment</Name>
        <Description>Process Payments and Receipts</Description>
        <Action>W</Action>
        <AD_Window_ID reference="id">195</AD_Window_ID>
        <AD_Workflow_ID reference="id"/>
        <AD_Task_ID reference="id"/>
        <IsActive>Y</IsActive>
        <IsSummary>N</IsSummary>
        <AD_Process_ID reference="id"/>
        <IsSOTrx>Y</IsSOTrx>
        <AD_Form_ID reference="id"/>
        <IsReadOnly>N</IsReadOnly>
        <EntityType>D</EntityType>
        <IsCentrallyMaintained>Y</IsCentrallyMaintained>
        <AD_Menu_UU>9d292105-3394-450a-b256-239233b85929</AD_Menu_UU>
        <AD_InfoWindow_ID reference="id"/>
        <AD_Menu_Trl type="translation">
            <Name>Pagos/Recaudos</Name>
            <Description>Procesar Pagos y Recaudos</Description>
            <AD_Language>es_CO</AD_Language>
            <IsActive>Y</IsActive>
            <IsTranslated>Y</IsTranslated>
        </AD_Menu_Trl>
        <AD_Column type="table">
            <IsSyncDatabase>Y</IsSyncDatabase>
            <AD_Table_ID reference="id">335</AD_Table_ID>
            <AD_Reference_Value_ID reference="id"/>
            <AD_Client_ID>0</AD_Client_ID>
            <AD_Org_ID>0</AD_Org_ID>
            <Version>0</Version>
            <Name>POS Terminal</Name>
            <Description>Point of Sales Terminal</Description>
            <Help>The POS Terminal defines the defaults and functions available for the POS Form</Help>
            <AD_Val_Rule_ID reference="id"/>
            <ColumnName>C_POS_ID</ColumnName>
            <DefaultValue/>
            <FieldLength>10</FieldLength>
            <IsKey>N</IsKey>
            <IsParent>N</IsParent>
            <IsMandatory>N</IsMandatory>
            <IsTranslated>N</IsTranslated>
            <IsIdentifier>N</IsIdentifier>
            <SeqNo>0</SeqNo>
            <IsEncrypted>N</IsEncrypted>
            <AD_Reference_ID reference="id">19</AD_Reference_ID>
            <IsActive>Y</IsActive>
            <VFormat/>
            <Callout/>
            <AD_Element_ID reference="id">2581</AD_Element_ID>
            <IsUpdateable>N</IsUpdateable>
            <AD_Process_ID reference="id"/>
            <ValueMin/>
            <ValueMax/>
            <IsSelectionColumn>N</IsSelectionColumn>
            <ReadOnlyLogic/>
            <EntityType>U</EntityType>
            <IsAlwaysUpdateable>N</IsAlwaysUpdateable>
            <ColumnSQL/>
            <MandatoryLogic/>
            <IsAutocomplete>N</IsAutocomplete>
            <IsAllowLogging>Y</IsAllowLogging>
            <FormatPattern/>
            <AD_Chart_ID reference="id"/>
            <AD_Column_UU>b93de1d8-64a5-4f5a-9fc9-2289175e8bdd</AD_Column_UU>
            <IsAllowCopy>Y</IsAllowCopy>
            <SeqNoSelection>0</SeqNoSelection>
            <IsToolbarButton>N</IsToolbarButton>
            <IsSecure>N</IsSecure>
            <FKConstraintName>CPOS_CPayment</FKConstraintName>
            <FKConstraintType>N</FKConstraintType>
            <PA_DashboardContent_ID reference="id"/>
        </AD_Column>
        <AD_TableIndex type="table">
            <AD_TableIndex_ID>200476</AD_TableIndex_ID>
            <AD_Client_ID>0</AD_Client_ID>
            <AD_Org_ID>0</AD_Org_ID>
            <AD_TableIndex_ID>200476</AD_TableIndex_ID>
            <AD_TableIndex_UU>44090dbc-baf8-4733-a7d5-114d11244de7</AD_TableIndex_UU>
            <Description/>
            <EntityType>D</EntityType>
            <IsActive>Y</IsActive>
            <Name>c_payment_uu_idx</Name>
            <AD_Table_ID reference="id">335</AD_Table_ID>
            <Help/>
            <IsCreateConstraint>N</IsCreateConstraint>
            <IsUnique>Y</IsUnique>
            <Processing>N</Processing>
            <AD_Message_ID reference="id"/>
            <TableIndexDrop/>
            <IsKey>N</IsKey>
            <AD_IndexColumn type="table">
                <AD_IndexColumn_ID>200554</AD_IndexColumn_ID>
                <AD_Client_ID>0</AD_Client_ID>
                <AD_Org_ID>0</AD_Org_ID>
                <AD_IndexColumn_ID>200554</AD_IndexColumn_ID>
                <AD_IndexColumn_UU>3fc605f9-e05b-4640-811e-7dc550c4f7d6</AD_IndexColumn_UU>
                <EntityType>D</EntityType>
                <IsActive>Y</IsActive>
                <AD_Column_ID reference="id">60721</AD_Column_ID>
                <AD_TableIndex_ID reference="id">200476</AD_TableIndex_ID>
                <ColumnSQL/>
                <SeqNo>1</SeqNo>
            </AD_IndexColumn>
        </AD_TableIndex>
        <AD_TableIndex type="table">
            <AD_TableIndex_ID>200477</AD_TableIndex_ID>
            <AD_Client_ID>0</AD_Client_ID>
            <AD_Org_ID>0</AD_Org_ID>
            <AD_TableIndex_ID>200477</AD_TableIndex_ID>
            <AD_TableIndex_UU>302232a5-f606-4310-9798-c207edffe69f</AD_TableIndex_UU>
            <Description/>
            <EntityType>D</EntityType>
            <IsActive>Y</IsActive>
            <Name>c_payment_bpartner</Name>
            <AD_Table_ID reference="id">335</AD_Table_ID>
            <Help/>
            <IsCreateConstraint>N</IsCreateConstraint>
            <IsUnique>N</IsUnique>
            <Processing>N</Processing>
            <AD_Message_ID reference="id"/>
            <TableIndexDrop/>
            <IsKey>N</IsKey>
            <AD_IndexColumn type="table">
                <AD_IndexColumn_ID>200555</AD_IndexColumn_ID>
                <AD_Client_ID>0</AD_Client_ID>
                <AD_Org_ID>0</AD_Org_ID>
                <AD_IndexColumn_ID>200555</AD_IndexColumn_ID>
                <AD_IndexColumn_UU>45dcb221-7cd7-4040-9f9e-2103aafc0c7a</AD_IndexColumn_UU>
                <EntityType>D</EntityType>
                <IsActive>Y</IsActive>
                <AD_Column_ID reference="id">5398</AD_Column_ID>
                <AD_TableIndex_ID reference="id">200477</AD_TableIndex_ID>
                <ColumnSQL/>
                <SeqNo>1</SeqNo>
            </AD_IndexColumn>
        </AD_TableIndex>
        <AD_TableIndex type="table">
            <AD_TableIndex_ID>200478</AD_TableIndex_ID>
            <AD_Client_ID>0</AD_Client_ID>
            <AD_Org_ID>0</AD_Org_ID>
            <AD_TableIndex_ID>200478</AD_TableIndex_ID>
            <AD_TableIndex_UU>6cc1a162-10f3-40cc-8b78-9d9b7efaeeca</AD_TableIndex_UU>
            <Description/>
            <EntityType>D</EntityType>
            <IsActive>Y</IsActive>
            <Name>idxc_payment_proc_on</Name>
            <AD_Table_ID reference="id">335</AD_Table_ID>
            <Help/>
            <IsCreateConstraint>N</IsCreateConstraint>
            <IsUnique>N</IsUnique>
            <Processing>N</Processing>
            <AD_Message_ID reference="id"/>
            <TableIndexDrop/>
            <IsKey>N</IsKey>
            <AD_IndexColumn type="table">
                <AD_IndexColumn_ID>200556</AD_IndexColumn_ID>
                <AD_Client_ID>0</AD_Client_ID>
                <AD_Org_ID>0</AD_Org_ID>
                <AD_IndexColumn_ID>200556</AD_IndexColumn_ID>
                <AD_IndexColumn_UU>4b5eb6ae-4249-42a4-8e99-28213db00a87</AD_IndexColumn_UU>
                <EntityType>D</EntityType>
                <IsActive>Y</IsActive>
                <AD_Column_ID reference="id">5042</AD_Column_ID>
                <AD_TableIndex_ID reference="id">200478</AD_TableIndex_ID>
                <ColumnSQL/>
                <SeqNo>1</SeqNo>
            </AD_IndexColumn>
            <AD_IndexColumn type="table">
                <AD_IndexColumn_ID>200557</AD_IndexColumn_ID>
                <AD_Client_ID>0</AD_Client_ID>
                <AD_Org_ID>0</AD_Org_ID>
                <AD_IndexColumn_ID>200557</AD_IndexColumn_ID>
                <AD_IndexColumn_UU>57b44838-e86a-49bb-8d24-b9518daadecd</AD_IndexColumn_UU>
                <EntityType>D</EntityType>
                <IsActive>Y</IsActive>
                <AD_Column_ID reference="id">3878</AD_Column_ID>
                <AD_TableIndex_ID reference="id">200478</AD_TableIndex_ID>
                <ColumnSQL/>
                <SeqNo>2</SeqNo>
            </AD_IndexColumn>
            <AD_IndexColumn type="table">
                <AD_IndexColumn_ID>200558</AD_IndexColumn_ID>
                <AD_Client_ID>0</AD_Client_ID>
                <AD_Org_ID>0</AD_Org_ID>
                <AD_IndexColumn_ID>200558</AD_IndexColumn_ID>
                <AD_IndexColumn_UU>f88ec049-b974-430a-b210-5623928c9256</AD_IndexColumn_UU>
                <EntityType>D</EntityType>
                <IsActive>Y</IsActive>
                <AD_Column_ID reference="id">59039</AD_Column_ID>
                <AD_TableIndex_ID reference="id">200478</AD_TableIndex_ID>
                <ColumnSQL/>
                <SeqNo>3</SeqNo>
            </AD_IndexColumn>
            <AD_IndexColumn type="table">
                <AD_IndexColumn_ID>200559</AD_IndexColumn_ID>
                <AD_Client_ID>0</AD_Client_ID>
                <AD_Org_ID>0</AD_Org_ID>
                <AD_IndexColumn_ID>200559</AD_IndexColumn_ID>
                <AD_IndexColumn_UU>e487f7db-e9ad-4c23-adb1-5831360da829</AD_IndexColumn_UU>
                <EntityType>D</EntityType>
                <IsActive>Y</IsActive>
                <AD_Column_ID reference="id">3862</AD_Column_ID>
                <AD_TableIndex_ID reference="id">200478</AD_TableIndex_ID>
                <ColumnSQL/>
                <SeqNo>4</SeqNo>
            </AD_IndexColumn>
        </AD_TableIndex>
        <AD_TableIndex type="table">
            <AD_TableIndex_ID>200479</AD_TableIndex_ID>
            <AD_Client_ID>0</AD_Client_ID>
            <AD_Org_ID>0</AD_Org_ID>
            <AD_TableIndex_ID>200479</AD_TableIndex_ID>
            <AD_TableIndex_UU>fc33b304-65ea-4125-a87d-e6597fa5bb54</AD_TableIndex_UU>
            <Description/>
            <EntityType>D</EntityType>
            <IsActive>Y</IsActive>
            <Name>c_payment_bankaccount</Name>
            <AD_Table_ID reference="id">335</AD_Table_ID>
            <Help/>
            <IsCreateConstraint>N</IsCreateConstraint>
            <IsUnique>N</IsUnique>
            <Processing>N</Processing>
            <AD_Message_ID reference="id"/>
            <TableIndexDrop/>
            <IsKey>N</IsKey>
            <AD_IndexColumn type="table">
                <AD_IndexColumn_ID>200560</AD_IndexColumn_ID>
                <AD_Client_ID>0</AD_Client_ID>
                <AD_Org_ID>0</AD_Org_ID>
                <AD_IndexColumn_ID>200560</AD_IndexColumn_ID>
                <AD_IndexColumn_UU>f9b44765-fb8e-4e40-b8c5-0bab833bf1eb</AD_IndexColumn_UU>
                <EntityType>D</EntityType>
                <IsActive>Y</IsActive>
                <AD_Column_ID reference="id">3880</AD_Column_ID>
                <AD_TableIndex_ID reference="id">200479</AD_TableIndex_ID>
                <ColumnSQL/>
                <SeqNo>1</SeqNo>
            </AD_IndexColumn>
        </AD_TableIndex>
        <AD_Field type="table">
            <AD_Client_ID>0</AD_Client_ID>
            <AD_Org_ID>0</AD_Org_ID>
            <Name>POS Terminal</Name>
            <Description>Point of Sales Terminal</Description>
            <Help>The POS Terminal defines the defaults and functions available for the POS Form</Help>
            <AD_Tab_ID reference="id">330</AD_Tab_ID>
            <AD_Column_ID reference="uuid" reference-key="AD_Column">b93de1d8-64a5-4f5a-9fc9-2289175e8bdd</AD_Column_ID>
            <IsDisplayed>Y</IsDisplayed>
            <DisplayLogic/>
            <DisplayLength>10</DisplayLength>
            <SeqNo>170</SeqNo>
            <SortNo/>
            <IsSameLine>N</IsSameLine>
            <IsHeading>N</IsHeading>
            <IsFieldOnly>N</IsFieldOnly>
            <IsEncrypted>N</IsEncrypted>
            <IsActive>Y</IsActive>
            <IsReadOnly>N</IsReadOnly>
            <IsCentrallyMaintained>Y</IsCentrallyMaintained>
            <AD_FieldGroup_ID reference="id">104</AD_FieldGroup_ID>
            <EntityType>U</EntityType>
            <ObscureType/>
            <AD_Reference_ID reference="id"/>
            <IsMandatory/>
            <DefaultValue/>
            <AD_Reference_Value_ID reference="id"/>
            <AD_Val_Rule_ID reference="id"/>
            <Included_Tab_ID reference="id"/>
            <AD_Field_UU>818f1fe9-8960-4f92-bcce-1c9e09ab3e42</AD_Field_UU>
            <IsAllowCopy/>
            <IsDisplayedGrid>Y</IsDisplayedGrid>
            <SeqNoGrid>760</SeqNoGrid>
            <XPosition>4</XPosition>
            <ColumnSpan>2</ColumnSpan>
            <NumLines>1</NumLines>
            <IsQuickEntry>N</IsQuickEntry>
            <IsUpdateable/>
            <IsAlwaysUpdateable/>
            <MandatoryLogic/>
            <ReadOnlyLogic/>
            <IsToolbarButton/>
            <IsDefaultFocus>N</IsDefaultFocus>
            <IsAdvancedField>N</IsAdvancedField>
            <VFormat/>
            <AD_LabelStyle_ID reference="id"/>
            <AD_FieldStyle_ID reference="id"/>
            <AD_Field_Trl type="translation">
                <Help>La Terminal de PDV define el default y las funciones de la forma de PV.</Help>
                <Description>Punto de las ventas terminales</Description>
                <Name>Terminal PDV</Name>
                <AD_Language>es_CO</AD_Language>
                <IsActive>Y</IsActive>
                <IsTranslated>Y</IsTranslated>
            </AD_Field_Trl>
        </AD_Field>
        <AD_TableIndex type="table">
            <AD_TableIndex_ID>200480</AD_TableIndex_ID>
            <AD_Client_ID>0</AD_Client_ID>
            <AD_Org_ID>0</AD_Org_ID>
            <AD_TableIndex_ID>200480</AD_TableIndex_ID>
            <AD_TableIndex_UU>ff796433-06bd-4fd2-8c72-3bbe3a24c383</AD_TableIndex_UU>
            <Description/>
            <EntityType>D</EntityType>
            <IsActive>Y</IsActive>
            <Name>c_paymentallocate_uu_idx</Name>
            <AD_Table_ID reference="id">812</AD_Table_ID>
            <Help/>
            <IsCreateConstraint>N</IsCreateConstraint>
            <IsUnique>Y</IsUnique>
            <Processing>N</Processing>
            <AD_Message_ID reference="id"/>
            <TableIndexDrop/>
            <IsKey>N</IsKey>
            <AD_IndexColumn type="table">
                <AD_IndexColumn_ID>200561</AD_IndexColumn_ID>
                <AD_Client_ID>0</AD_Client_ID>
                <AD_Org_ID>0</AD_Org_ID>
                <AD_IndexColumn_ID>200561</AD_IndexColumn_ID>
                <AD_IndexColumn_UU>6d75f1b5-22aa-4c55-8971-a112ae09da2f</AD_IndexColumn_UU>
                <EntityType>D</EntityType>
                <IsActive>Y</IsActive>
                <AD_Column_ID reference="id">60722</AD_Column_ID>
                <AD_TableIndex_ID reference="id">200480</AD_TableIndex_ID>
                <ColumnSQL/>
                <SeqNo>1</SeqNo>
            </AD_IndexColumn>
        </AD_TableIndex>
        <AD_TableIndex type="table">
            <AD_TableIndex_ID>200333</AD_TableIndex_ID>
            <AD_Client_ID>0</AD_Client_ID>
            <AD_Org_ID>0</AD_Org_ID>
            <AD_TableIndex_ID>200333</AD_TableIndex_ID>
            <AD_TableIndex_UU>4ed979ed-9722-46b4-9565-2f17db4351b4</AD_TableIndex_UU>
            <Description/>
            <EntityType>D</EntityType>
            <IsActive>Y</IsActive>
            <Name>c_allocationline_uu_idx</Name>
            <AD_Table_ID reference="id">390</AD_Table_ID>
            <Help/>
            <IsCreateConstraint>N</IsCreateConstraint>
            <IsUnique>Y</IsUnique>
            <Processing>N</Processing>
            <AD_Message_ID reference="id"/>
            <TableIndexDrop/>
            <IsKey>N</IsKey>
            <AD_IndexColumn type="table">
                <AD_IndexColumn_ID>200375</AD_IndexColumn_ID>
                <AD_Client_ID>0</AD_Client_ID>
                <AD_Org_ID>0</AD_Org_ID>
                <AD_IndexColumn_ID>200375</AD_IndexColumn_ID>
                <AD_IndexColumn_UU>ca570544-fc40-499b-b518-9aad9c41e92c</AD_IndexColumn_UU>
                <EntityType>D</EntityType>
                <IsActive>Y</IsActive>
                <AD_Column_ID reference="id">60596</AD_Column_ID>
                <AD_TableIndex_ID reference="id">200333</AD_TableIndex_ID>
                <ColumnSQL/>
                <SeqNo>1</SeqNo>
            </AD_IndexColumn>
        </AD_TableIndex>
        <AD_TableIndex type="table">
            <AD_TableIndex_ID>200334</AD_TableIndex_ID>
            <AD_Client_ID>0</AD_Client_ID>
            <AD_Org_ID>0</AD_Org_ID>
            <AD_TableIndex_ID>200334</AD_TableIndex_ID>
            <AD_TableIndex_UU>2bbb339b-dab8-4351-b57c-4eb1975c3aa0</AD_TableIndex_UU>
            <Description/>
            <EntityType>D</EntityType>
            <IsActive>Y</IsActive>
            <Name>c_allocationline_invoice</Name>
            <AD_Table_ID reference="id">390</AD_Table_ID>
            <Help/>
            <IsCreateConstraint>N</IsCreateConstraint>
            <IsUnique>N</IsUnique>
            <Processing>N</Processing>
            <AD_Message_ID reference="id"/>
            <TableIndexDrop/>
            <IsKey>N</IsKey>
            <AD_IndexColumn type="table">
                <AD_IndexColumn_ID>200376</AD_IndexColumn_ID>
                <AD_Client_ID>0</AD_Client_ID>
                <AD_Org_ID>0</AD_Org_ID>
                <AD_IndexColumn_ID>200376</AD_IndexColumn_ID>
                <AD_IndexColumn_UU>74e39ea3-11b1-455c-be09-314d9114f75f</AD_IndexColumn_UU>
                <EntityType>D</EntityType>
                <IsActive>Y</IsActive>
                <AD_Column_ID reference="id">4882</AD_Column_ID>
                <AD_TableIndex_ID reference="id">200334</AD_TableIndex_ID>
                <ColumnSQL/>
                <SeqNo>1</SeqNo>
            </AD_IndexColumn>
        </AD_TableIndex>
        <AD_TableIndex type="table">
            <AD_TableIndex_ID>200335</AD_TableIndex_ID>
            <AD_Client_ID>0</AD_Client_ID>
            <AD_Org_ID>0</AD_Org_ID>
            <AD_TableIndex_ID>200335</AD_TableIndex_ID>
            <AD_TableIndex_UU>3d9f2b07-9d3b-447a-8e58-23f834c857cd</AD_TableIndex_UU>
            <Description/>
            <EntityType>D</EntityType>
            <IsActive>Y</IsActive>
            <Name>c_allocationline_payment</Name>
            <AD_Table_ID reference="id">390</AD_Table_ID>
            <Help/>
            <IsCreateConstraint>N</IsCreateConstraint>
            <IsUnique>N</IsUnique>
            <Processing>N</Processing>
            <AD_Message_ID reference="id"/>
            <TableIndexDrop/>
            <IsKey>N</IsKey>
            <AD_IndexColumn type="table">
                <AD_IndexColumn_ID>200377</AD_IndexColumn_ID>
                <AD_Client_ID>0</AD_Client_ID>
                <AD_Org_ID>0</AD_Org_ID>
                <AD_IndexColumn_ID>200377</AD_IndexColumn_ID>
                <AD_IndexColumn_UU>17559ce0-94e5-477e-b4b0-d9ac97a1894b</AD_IndexColumn_UU>
                <EntityType>D</EntityType>
                <IsActive>Y</IsActive>
                <AD_Column_ID reference="id">4884</AD_Column_ID>
                <AD_TableIndex_ID reference="id">200335</AD_TableIndex_ID>
                <ColumnSQL/>
                <SeqNo>1</SeqNo>
            </AD_IndexColumn>
        </AD_TableIndex>
    </AD_Menu>
</idempiere>
